sigCmpx1[0].real, 0x008D,
sigCmpx1[0].imag, 0x0000,
sigCmpx1[1].real, 0xFF92,
sigCmpx1[1].imag, 0x0008,
sigCmpx1[2].real, 0x008F,
sigCmpx1[2].imag, 0x0008,
sigCmpx1[3].real, 0xFF91,
sigCmpx1[3].imag, 0x0018,
sigCmpx1[4].real, 0x0093,
sigCmpx1[4].imag, 0x0011,
sigCmpx1[5].real, 0xFF8D,
sigCmpx1[5].imag, 0x002A,
sigCmpx1[6].real, 0x009B,
sigCmpx1[6].imag, 0x001C,
sigCmpx1[7].real, 0xFF87,
sigCmpx1[7].imag, 0x003F,
sigCmpx1[8].real, 0x00A8,
sigCmpx1[8].imag, 0x0027,
sigCmpx1[9].real, 0xFF7D,
sigCmpx1[9].imag, 0x005A,
sigCmpx1[10].real, 0x00BD,
sigCmpx1[10].imag, 0x0036,
sigCmpx1[11].real, 0xFF6E,
sigCmpx1[11].imag, 0x007B,
sigCmpx1[12].real, 0x00DD,
sigCmpx1[12].imag, 0x004B,
sigCmpx1[13].real, 0xFF56,
sigCmpx1[13].imag, 0x00AE,
sigCmpx1[14].real, 0x0114,
sigCmpx1[14].imag, 0x006C,
sigCmpx1[15].real, 0xFF2B,
sigCmpx1[15].imag, 0x0102,
sigCmpx1[16].real, 0x017D,
sigCmpx1[16].imag, 0x00A9,
sigCmpx1[17].real, 0xFECC,
sigCmpx1[17].imag, 0x01B2,
sigCmpx1[18].real, 0x0294,
sigCmpx1[18].imag, 0x0145,
sigCmpx1[19].real, 0xFD6A,
sigCmpx1[19].imag, 0x043C,
sigCmpx1[20].real, 0x0CD6,
sigCmpx1[20].imag, 0x06EB,
sigCmpx1[21].real, 0x06B7,
sigCmpx1[21].imag, 0xF355,
sigCmpx1[22].real, 0xFC14,
sigCmpx1[22].imag, 0xFDB6,
sigCmpx1[23].real, 0x0142,
sigCmpx1[23].imag, 0xFD45,
sigCmpx1[24].real, 0xFE5C,
sigCmpx1[24].imag, 0xFEF9,
sigCmpx1[25].real, 0x00A2,
sigCmpx1[25].imag, 0xFE6C,
sigCmpx1[26].real, 0xFEFB,
sigCmpx1[26].imag, 0xFF52,
sigCmpx1[27].real, 0x0065,
sigCmpx1[27].imag, 0xFEDE,
sigCmpx1[28].real, 0xFF45,
sigCmpx1[28].imag, 0xFF7C,
sigCmpx1[29].real, 0x0045,
sigCmpx1[29].imag, 0xFF1C,
sigCmpx1[30].real, 0xFF6F,
sigCmpx1[30].imag, 0xFF95,
sigCmpx1[31].real, 0x0031,
sigCmpx1[31].imag, 0xFF42,
sigCmpx1[32].real, 0xFF8A,
sigCmpx1[32].imag, 0xFFA6,
sigCmpx1[33].real, 0x0024,
sigCmpx1[33].imag, 0xFF5E,
sigCmpx1[34].real, 0xFF9E,
sigCmpx1[34].imag, 0xFFB2,
sigCmpx1[35].real, 0x001B,
sigCmpx1[35].imag, 0xFF71,
sigCmpx1[36].real, 0xFFAC,
sigCmpx1[36].imag, 0xFFBA,
sigCmpx1[37].real, 0x0013,
sigCmpx1[37].imag, 0xFF80,
sigCmpx1[38].real, 0xFFB6,
sigCmpx1[38].imag, 0xFFC1,
sigCmpx1[39].real, 0x000E,
sigCmpx1[39].imag, 0xFF8C,
sigCmpx1[40].real, 0xFFBE,
sigCmpx1[40].imag, 0xFFC7,
sigCmpx1[41].real, 0x000A,
sigCmpx1[41].imag, 0xFF96,
sigCmpx1[42].real, 0xFFC5,
sigCmpx1[42].imag, 0xFFCB,
sigCmpx1[43].real, 0x0006,
sigCmpx1[43].imag, 0xFF9D,
sigCmpx1[44].real, 0xFFCA,
sigCmpx1[44].imag, 0xFFCF,
sigCmpx1[45].real, 0x0003,
sigCmpx1[45].imag, 0xFFA4,
sigCmpx1[46].real, 0xFFCF,
sigCmpx1[46].imag, 0xFFD3,
sigCmpx1[47].real, 0x0001,
sigCmpx1[47].imag, 0xFFAB,
sigCmpx1[48].real, 0xFFD3,
sigCmpx1[48].imag, 0xFFD5,
sigCmpx1[49].real, 0xFFFF,
sigCmpx1[49].imag, 0xFFB0,
sigCmpx1[50].real, 0xFFD6,
sigCmpx1[50].imag, 0xFFD8,
sigCmpx1[51].real, 0xFFFD,
sigCmpx1[51].imag, 0xFFB4,
sigCmpx1[52].real, 0xFFD8,
sigCmpx1[52].imag, 0xFFDA,
sigCmpx1[53].real, 0xFFFC,
sigCmpx1[53].imag, 0xFFB9,
sigCmpx1[54].real, 0xFFDB,
sigCmpx1[54].imag, 0xFFDC,
sigCmpx1[55].real, 0xFFFA,
sigCmpx1[55].imag, 0xFFBC,
sigCmpx1[56].real, 0xFFDD,
sigCmpx1[56].imag, 0xFFDE,
sigCmpx1[57].real, 0xFFF9,
sigCmpx1[57].imag, 0xFFC0,
sigCmpx1[58].real, 0xFFDF,
sigCmpx1[58].imag, 0xFFE0,
sigCmpx1[59].real, 0xFFF8,
sigCmpx1[59].imag, 0xFFC2,
sigCmpx1[60].real, 0xFFE0,
sigCmpx1[60].imag, 0xFFE1,
sigCmpx1[61].real, 0xFFF7,
sigCmpx1[61].imag, 0xFFC4,
sigCmpx1[62].real, 0xFFE2,
sigCmpx1[62].imag, 0xFFE2,
sigCmpx1[63].real, 0xFFF6,
sigCmpx1[63].imag, 0xFFC8,
sigCmpx1[64].real, 0xFFE3,
sigCmpx1[64].imag, 0xFFE4,
sigCmpx1[65].real, 0xFFF6,
sigCmpx1[65].imag, 0xFFCA,
sigCmpx1[66].real, 0xFFE4,
sigCmpx1[66].imag, 0xFFE5,
sigCmpx1[67].real, 0xFFF5,
sigCmpx1[67].imag, 0xFFCC,
sigCmpx1[68].real, 0xFFE5,
sigCmpx1[68].imag, 0xFFE6,
sigCmpx1[69].real, 0xFFF5,
sigCmpx1[69].imag, 0xFFCE,
sigCmpx1[70].real, 0xFFE6,
sigCmpx1[70].imag, 0xFFE7,
sigCmpx1[71].real, 0xFFF4,
sigCmpx1[71].imag, 0xFFD0,
sigCmpx1[72].real, 0xFFE8,
sigCmpx1[72].imag, 0xFFE7,
sigCmpx1[73].real, 0xFFF4,
sigCmpx1[73].imag, 0xFFD2,
sigCmpx1[74].real, 0xFFE8,
sigCmpx1[74].imag, 0xFFE9,
sigCmpx1[75].real, 0xFFF4,
sigCmpx1[75].imag, 0xFFD3,
sigCmpx1[76].real, 0xFFE9,
sigCmpx1[76].imag, 0xFFE9,
sigCmpx1[77].real, 0xFFF3,
sigCmpx1[77].imag, 0xFFD4,
sigCmpx1[78].real, 0xFFEA,
sigCmpx1[78].imag, 0xFFEA,
sigCmpx1[79].real, 0xFFF2,
sigCmpx1[79].imag, 0xFFD6,
sigCmpx1[80].real, 0xFFEA,
sigCmpx1[80].imag, 0xFFEA,
sigCmpx1[81].real, 0xFFF2,
sigCmpx1[81].imag, 0xFFD8,
sigCmpx1[82].real, 0xFFEA,
sigCmpx1[82].imag, 0xFFEB,
sigCmpx1[83].real, 0xFFF2,
sigCmpx1[83].imag, 0xFFD8,
sigCmpx1[84].real, 0xFFEC,
sigCmpx1[84].imag, 0xFFEC,
sigCmpx1[85].real, 0xFFF2,
sigCmpx1[85].imag, 0xFFDA,
sigCmpx1[86].real, 0xFFEC,
sigCmpx1[86].imag, 0xFFED,
sigCmpx1[87].real, 0xFFF1,
sigCmpx1[87].imag, 0xFFDC,
sigCmpx1[88].real, 0xFFEC,
sigCmpx1[88].imag, 0xFFEE,
sigCmpx1[89].real, 0xFFF1,
sigCmpx1[89].imag, 0xFFDD,
sigCmpx1[90].real, 0xFFEC,
sigCmpx1[90].imag, 0xFFEE,
sigCmpx1[91].real, 0xFFF0,
sigCmpx1[91].imag, 0xFFDD,
sigCmpx1[92].real, 0xFFEC,
sigCmpx1[92].imag, 0xFFEE,
sigCmpx1[93].real, 0xFFF0,
sigCmpx1[93].imag, 0xFFDF,
sigCmpx1[94].real, 0xFFED,
sigCmpx1[94].imag, 0xFFEF,
sigCmpx1[95].real, 0xFFF0,
sigCmpx1[95].imag, 0xFFE0,
sigCmpx1[96].real, 0xFFEE,
sigCmpx1[96].imag, 0xFFEF,
sigCmpx1[97].real, 0xFFF0,
sigCmpx1[97].imag, 0xFFE0,
sigCmpx1[98].real, 0xFFEE,
sigCmpx1[98].imag, 0xFFF0,
sigCmpx1[99].real, 0xFFF0,
sigCmpx1[99].imag, 0xFFE1,
sigCmpx1[100].real, 0xFFEE,
sigCmpx1[100].imag, 0xFFF0,
sigCmpx1[101].real, 0xFFF0,
sigCmpx1[101].imag, 0xFFE2,
sigCmpx1[102].real, 0xFFEE,
sigCmpx1[102].imag, 0xFFF0,
sigCmpx1[103].real, 0xFFF0,
sigCmpx1[103].imag, 0xFFE3,
sigCmpx1[104].real, 0xFFEE,
sigCmpx1[104].imag, 0xFFF0,
sigCmpx1[105].real, 0xFFF0,
sigCmpx1[105].imag, 0xFFE4,
sigCmpx1[106].real, 0xFFEE,
sigCmpx1[106].imag, 0xFFF2,
sigCmpx1[107].real, 0xFFF0,
sigCmpx1[107].imag, 0xFFE4,
sigCmpx1[108].real, 0xFFF0,
sigCmpx1[108].imag, 0xFFF2,
sigCmpx1[109].real, 0xFFF0,
sigCmpx1[109].imag, 0xFFE5,
sigCmpx1[110].real, 0xFFEF,
sigCmpx1[110].imag, 0xFFF2,
sigCmpx1[111].real, 0xFFF0,
sigCmpx1[111].imag, 0xFFE6,
sigCmpx1[112].real, 0xFFEF,
sigCmpx1[112].imag, 0xFFF3,
sigCmpx1[113].real, 0xFFF0,
sigCmpx1[113].imag, 0xFFE6,
sigCmpx1[114].real, 0xFFF0,
sigCmpx1[114].imag, 0xFFF3,
sigCmpx1[115].real, 0xFFF0,
sigCmpx1[115].imag, 0xFFE8,
sigCmpx1[116].real, 0xFFEF,
sigCmpx1[116].imag, 0xFFF3,
sigCmpx1[117].real, 0xFFF0,
sigCmpx1[117].imag, 0xFFE8,
sigCmpx1[118].real, 0xFFF0,
sigCmpx1[118].imag, 0xFFF4,
sigCmpx1[119].real, 0xFFF0,
sigCmpx1[119].imag, 0xFFE8,
sigCmpx1[120].real, 0xFFEF,
sigCmpx1[120].imag, 0xFFF4,
sigCmpx1[121].real, 0xFFEF,
sigCmpx1[121].imag, 0xFFE9,
sigCmpx1[122].real, 0xFFF0,
sigCmpx1[122].imag, 0xFFF4,
sigCmpx1[123].real, 0xFFEE,
sigCmpx1[123].imag, 0xFFEA,
sigCmpx1[124].real, 0xFFF0,
sigCmpx1[124].imag, 0xFFF4,
sigCmpx1[125].real, 0xFFEE,
sigCmpx1[125].imag, 0xFFEA,
sigCmpx1[126].real, 0xFFF0,
sigCmpx1[126].imag, 0xFFF5,
sigCmpx1[127].real, 0xFFEF,
sigCmpx1[127].imag, 0xFFEB,
sigCmpx1[128].real, 0xFFF1,
sigCmpx1[128].imag, 0xFFF5,
sigCmpx1[129].real, 0xFFEE,
sigCmpx1[129].imag, 0xFFEB,
sigCmpx1[130].real, 0xFFF1,
sigCmpx1[130].imag, 0xFFF5,
sigCmpx1[131].real, 0xFFEF,
sigCmpx1[131].imag, 0xFFEC,
sigCmpx1[132].real, 0xFFF1,
sigCmpx1[132].imag, 0xFFF6,
sigCmpx1[133].real, 0xFFEE,
sigCmpx1[133].imag, 0xFFEC,
sigCmpx1[134].real, 0xFFF2,
sigCmpx1[134].imag, 0xFFF6,
sigCmpx1[135].real, 0xFFEF,
sigCmpx1[135].imag, 0xFFED,
sigCmpx1[136].real, 0xFFF0,
sigCmpx1[136].imag, 0xFFF6,
sigCmpx1[137].real, 0xFFEF,
sigCmpx1[137].imag, 0xFFEE,
sigCmpx1[138].real, 0xFFF2,
sigCmpx1[138].imag, 0xFFF6,
sigCmpx1[139].real, 0xFFEE,
sigCmpx1[139].imag, 0xFFEE,
sigCmpx1[140].real, 0xFFF1,
sigCmpx1[140].imag, 0xFFF6,
sigCmpx1[141].real, 0xFFEE,
sigCmpx1[141].imag, 0xFFEE,
sigCmpx1[142].real, 0xFFF2,
sigCmpx1[142].imag, 0xFFF7,
sigCmpx1[143].real, 0xFFEE,
sigCmpx1[143].imag, 0xFFEF,
sigCmpx1[144].real, 0xFFF2,
sigCmpx1[144].imag, 0xFFF7,
sigCmpx1[145].real, 0xFFEE,
sigCmpx1[145].imag, 0xFFEE,
sigCmpx1[146].real, 0xFFF2,
sigCmpx1[146].imag, 0xFFF6,
sigCmpx1[147].real, 0xFFEE,
sigCmpx1[147].imag, 0xFFF0,
sigCmpx1[148].real, 0xFFF2,
sigCmpx1[148].imag, 0xFFF8,
sigCmpx1[149].real, 0xFFEE,
sigCmpx1[149].imag, 0xFFF0,
sigCmpx1[150].real, 0xFFF2,
sigCmpx1[150].imag, 0xFFF8,
sigCmpx1[151].real, 0xFFEE,
sigCmpx1[151].imag, 0xFFF0,
sigCmpx1[152].real, 0xFFF2,
sigCmpx1[152].imag, 0xFFF8,
sigCmpx1[153].real, 0xFFEE,
sigCmpx1[153].imag, 0xFFF0,
sigCmpx1[154].real, 0xFFF2,
sigCmpx1[154].imag, 0xFFF8,
sigCmpx1[155].real, 0xFFED,
sigCmpx1[155].imag, 0xFFF1,
sigCmpx1[156].real, 0xFFF2,
sigCmpx1[156].imag, 0xFFF8,
sigCmpx1[157].real, 0xFFEE,
sigCmpx1[157].imag, 0xFFF1,
sigCmpx1[158].real, 0xFFF2,
sigCmpx1[158].imag, 0xFFF8,
sigCmpx1[159].real, 0xFFEE,
sigCmpx1[159].imag, 0xFFF2,
sigCmpx1[160].real, 0xFFF2,
sigCmpx1[160].imag, 0xFFF8,
sigCmpx1[161].real, 0xFFEE,
sigCmpx1[161].imag, 0xFFF2,
sigCmpx1[162].real, 0xFFF2,
sigCmpx1[162].imag, 0xFFF9,
sigCmpx1[163].real, 0xFFED,
sigCmpx1[163].imag, 0xFFF2,
sigCmpx1[164].real, 0xFFF2,
sigCmpx1[164].imag, 0xFFFA,
sigCmpx1[165].real, 0xFFEE,
sigCmpx1[165].imag, 0xFFF2,
sigCmpx1[166].real, 0xFFF2,
sigCmpx1[166].imag, 0xFFF9,
sigCmpx1[167].real, 0xFFEE,
sigCmpx1[167].imag, 0xFFF3,
sigCmpx1[168].real, 0xFFF2,
sigCmpx1[168].imag, 0xFFFA,
sigCmpx1[169].real, 0xFFEE,
sigCmpx1[169].imag, 0xFFF4,
sigCmpx1[170].real, 0xFFF2,
sigCmpx1[170].imag, 0xFFFA,
sigCmpx1[171].real, 0xFFEE,
sigCmpx1[171].imag, 0xFFF4,
sigCmpx1[172].real, 0xFFF2,
sigCmpx1[172].imag, 0xFFFA,
sigCmpx1[173].real, 0xFFEE,
sigCmpx1[173].imag, 0xFFF4,
sigCmpx1[174].real, 0xFFF2,
sigCmpx1[174].imag, 0xFFFA,
sigCmpx1[175].real, 0xFFEE,
sigCmpx1[175].imag, 0xFFF4,
sigCmpx1[176].real, 0xFFF2,
sigCmpx1[176].imag, 0xFFFA,
sigCmpx1[177].real, 0xFFED,
sigCmpx1[177].imag, 0xFFF5,
sigCmpx1[178].real, 0xFFF2,
sigCmpx1[178].imag, 0xFFFA,
sigCmpx1[179].real, 0xFFED,
sigCmpx1[179].imag, 0xFFF6,
sigCmpx1[180].real, 0xFFF2,
sigCmpx1[180].imag, 0xFFFA,
sigCmpx1[181].real, 0xFFEE,
sigCmpx1[181].imag, 0xFFF6,
sigCmpx1[182].real, 0xFFF2,
sigCmpx1[182].imag, 0xFFFB,
sigCmpx1[183].real, 0xFFEE,
sigCmpx1[183].imag, 0xFFF6,
sigCmpx1[184].real, 0xFFF2,
sigCmpx1[184].imag, 0xFFFA,
sigCmpx1[185].real, 0xFFEE,
sigCmpx1[185].imag, 0xFFF6,
sigCmpx1[186].real, 0xFFF2,
sigCmpx1[186].imag, 0xFFFB,
sigCmpx1[187].real, 0xFFED,
sigCmpx1[187].imag, 0xFFF6,
sigCmpx1[188].real, 0xFFF3,
sigCmpx1[188].imag, 0xFFFA,
sigCmpx1[189].real, 0xFFEE,
sigCmpx1[189].imag, 0xFFF7,
sigCmpx1[190].real, 0xFFF3,
sigCmpx1[190].imag, 0xFFFC,
sigCmpx1[191].real, 0xFFEE,
sigCmpx1[191].imag, 0xFFF8,
sigCmpx1[192].real, 0xFFF3,
sigCmpx1[192].imag, 0xFFFC,
sigCmpx1[193].real, 0xFFED,
sigCmpx1[193].imag, 0xFFF8,
sigCmpx1[194].real, 0xFFF2,
sigCmpx1[194].imag, 0xFFFC,
sigCmpx1[195].real, 0xFFEE,
sigCmpx1[195].imag, 0xFFF8,
sigCmpx1[196].real, 0xFFF2,
sigCmpx1[196].imag, 0xFFFC,
sigCmpx1[197].real, 0xFFEE,
sigCmpx1[197].imag, 0xFFF8,
sigCmpx1[198].real, 0xFFF2,
sigCmpx1[198].imag, 0xFFFC,
sigCmpx1[199].real, 0xFFED,
sigCmpx1[199].imag, 0xFFF8,
sigCmpx1[200].real, 0xFFF3,
sigCmpx1[200].imag, 0xFFFC,
sigCmpx1[201].real, 0xFFED,
sigCmpx1[201].imag, 0xFFF8,
sigCmpx1[202].real, 0xFFF3,
sigCmpx1[202].imag, 0xFFFC,
sigCmpx1[203].real, 0xFFEE,
sigCmpx1[203].imag, 0xFFF9,
sigCmpx1[204].real, 0xFFF3,
sigCmpx1[204].imag, 0xFFFC,
sigCmpx1[205].real, 0xFFEE,
sigCmpx1[205].imag, 0xFFFA,
sigCmpx1[206].real, 0xFFF3,
sigCmpx1[206].imag, 0xFFFC,
sigCmpx1[207].real, 0xFFED,
sigCmpx1[207].imag, 0xFFF9,
sigCmpx1[208].real, 0xFFF3,
sigCmpx1[208].imag, 0xFFFC,
sigCmpx1[209].real, 0xFFED,
sigCmpx1[209].imag, 0xFFFA,
sigCmpx1[210].real, 0xFFF3,
sigCmpx1[210].imag, 0xFFFC,
sigCmpx1[211].real, 0xFFEE,
sigCmpx1[211].imag, 0xFFFA,
sigCmpx1[212].real, 0xFFF3,
sigCmpx1[212].imag, 0xFFFD,
sigCmpx1[213].real, 0xFFED,
sigCmpx1[213].imag, 0xFFFA,
sigCmpx1[214].real, 0xFFF3,
sigCmpx1[214].imag, 0xFFFD,
sigCmpx1[215].real, 0xFFED,
sigCmpx1[215].imag, 0xFFFA,
sigCmpx1[216].real, 0xFFF4,
sigCmpx1[216].imag, 0xFFFD,
sigCmpx1[217].real, 0xFFEE,
sigCmpx1[217].imag, 0xFFFB,
sigCmpx1[218].real, 0xFFF3,
sigCmpx1[218].imag, 0xFFFD,
sigCmpx1[219].real, 0xFFED,
sigCmpx1[219].imag, 0xFFFB,
sigCmpx1[220].real, 0xFFF4,
sigCmpx1[220].imag, 0xFFFD,
sigCmpx1[221].real, 0xFFED,
sigCmpx1[221].imag, 0xFFFB,
sigCmpx1[222].real, 0xFFF4,
sigCmpx1[222].imag, 0xFFFE,
sigCmpx1[223].real, 0xFFEC,
sigCmpx1[223].imag, 0xFFFC,
sigCmpx1[224].real, 0xFFF3,
sigCmpx1[224].imag, 0xFFFE,
sigCmpx1[225].real, 0xFFED,
sigCmpx1[225].imag, 0xFFFC,
sigCmpx1[226].real, 0xFFF4,
sigCmpx1[226].imag, 0xFFFE,
sigCmpx1[227].real, 0xFFED,
sigCmpx1[227].imag, 0xFFFC,
sigCmpx1[228].real, 0xFFF3,
sigCmpx1[228].imag, 0xFFFE,
sigCmpx1[229].real, 0xFFED,
sigCmpx1[229].imag, 0xFFFC,
sigCmpx1[230].real, 0xFFF3,
sigCmpx1[230].imag, 0xFFFE,
sigCmpx1[231].real, 0xFFED,
sigCmpx1[231].imag, 0xFFFC,
sigCmpx1[232].real, 0xFFF3,
sigCmpx1[232].imag, 0xFFFE,
sigCmpx1[233].real, 0xFFED,
sigCmpx1[233].imag, 0xFFFC,
sigCmpx1[234].real, 0xFFF3,
sigCmpx1[234].imag, 0xFFFE,
sigCmpx1[235].real, 0xFFEC,
sigCmpx1[235].imag, 0xFFFE,
sigCmpx1[236].real, 0xFFF4,
sigCmpx1[236].imag, 0x0000,
sigCmpx1[237].real, 0xFFED,
sigCmpx1[237].imag, 0xFFFE,
sigCmpx1[238].real, 0xFFF3,
sigCmpx1[238].imag, 0x0000,
sigCmpx1[239].real, 0xFFED,
sigCmpx1[239].imag, 0xFFFE,
sigCmpx1[240].real, 0xFFF2,
sigCmpx1[240].imag, 0x0000,
sigCmpx1[241].real, 0xFFEE,
sigCmpx1[241].imag, 0xFFFE,
sigCmpx1[242].real, 0xFFF3,
sigCmpx1[242].imag, 0xFFFF,
sigCmpx1[243].real, 0xFFED,
sigCmpx1[243].imag, 0xFFFE,
sigCmpx1[244].real, 0xFFF3,
sigCmpx1[244].imag, 0x0000,
sigCmpx1[245].real, 0xFFED,
sigCmpx1[245].imag, 0xFFFF,
sigCmpx1[246].real, 0xFFF3,
sigCmpx1[246].imag, 0x0000,
sigCmpx1[247].real, 0xFFEE,
sigCmpx1[247].imag, 0xFFFF,
sigCmpx1[248].real, 0xFFF3,
sigCmpx1[248].imag, 0x0000,
sigCmpx1[249].real, 0xFFED,
sigCmpx1[249].imag, 0xFFFF,
sigCmpx1[250].real, 0xFFF3,
sigCmpx1[250].imag, 0x0000,
sigCmpx1[251].real, 0xFFED,
sigCmpx1[251].imag, 0x0000,
sigCmpx1[252].real, 0xFFF3,
sigCmpx1[252].imag, 0x0000,
sigCmpx1[253].real, 0xFFED,
sigCmpx1[253].imag, 0x0000,
sigCmpx1[254].real, 0xFFF3,
sigCmpx1[254].imag, 0x0000,
sigCmpx1[255].real, 0xFFED,
sigCmpx1[255].imag, 0x0000,
sigCmpx1[256].real, 0xFFF3,
sigCmpx1[256].imag, 0x0000,
sigCmpx1[257].real, 0xFFED,
sigCmpx1[257].imag, 0x0000,
sigCmpx1[258].real, 0xFFF3,
sigCmpx1[258].imag, 0x0000,
sigCmpx1[259].real, 0xFFED,
sigCmpx1[259].imag, 0x0000,
sigCmpx1[260].real, 0xFFF3,
sigCmpx1[260].imag, 0x0000,
sigCmpx1[261].real, 0xFFED,
sigCmpx1[261].imag, 0x0000,
sigCmpx1[262].real, 0xFFF3,
sigCmpx1[262].imag, 0x0000,
sigCmpx1[263].real, 0xFFED,
sigCmpx1[263].imag, 0x0001,
sigCmpx1[264].real, 0xFFF3,
sigCmpx1[264].imag, 0x0001,
sigCmpx1[265].real, 0xFFED,
sigCmpx1[265].imag, 0x0001,
sigCmpx1[266].real, 0xFFF3,
sigCmpx1[266].imag, 0x0000,
sigCmpx1[267].real, 0xFFED,
sigCmpx1[267].imag, 0x0001,
sigCmpx1[268].real, 0xFFF3,
sigCmpx1[268].imag, 0x0001,
sigCmpx1[269].real, 0xFFEE,
sigCmpx1[269].imag, 0x0001,
sigCmpx1[270].real, 0xFFF4,
sigCmpx1[270].imag, 0x0001,
sigCmpx1[271].real, 0xFFED,
sigCmpx1[271].imag, 0x0002,
sigCmpx1[272].real, 0xFFF3,
sigCmpx1[272].imag, 0x0001,
sigCmpx1[273].real, 0xFFED,
sigCmpx1[273].imag, 0x0002,
sigCmpx1[274].real, 0xFFF3,
sigCmpx1[274].imag, 0x0001,
sigCmpx1[275].real, 0xFFED,
sigCmpx1[275].imag, 0x0002,
sigCmpx1[276].real, 0xFFF3,
sigCmpx1[276].imag, 0x0001,
sigCmpx1[277].real, 0xFFED,
sigCmpx1[277].imag, 0x0003,
sigCmpx1[278].real, 0xFFF4,
sigCmpx1[278].imag, 0x0001,
sigCmpx1[279].real, 0xFFEE,
sigCmpx1[279].imag, 0x0003,
sigCmpx1[280].real, 0xFFF3,
sigCmpx1[280].imag, 0x0002,
sigCmpx1[281].real, 0xFFEE,
sigCmpx1[281].imag, 0x0003,
sigCmpx1[282].real, 0xFFF3,
sigCmpx1[282].imag, 0x0002,
sigCmpx1[283].real, 0xFFED,
sigCmpx1[283].imag, 0x0003,
sigCmpx1[284].real, 0xFFF3,
sigCmpx1[284].imag, 0x0001,
sigCmpx1[285].real, 0xFFED,
sigCmpx1[285].imag, 0x0004,
sigCmpx1[286].real, 0xFFF3,
sigCmpx1[286].imag, 0x0002,
sigCmpx1[287].real, 0xFFED,
sigCmpx1[287].imag, 0x0003,
sigCmpx1[288].real, 0xFFF3,
sigCmpx1[288].imag, 0x0002,
sigCmpx1[289].real, 0xFFED,
sigCmpx1[289].imag, 0x0004,
sigCmpx1[290].real, 0xFFF4,
sigCmpx1[290].imag, 0x0002,
sigCmpx1[291].real, 0xFFED,
sigCmpx1[291].imag, 0x0005,
sigCmpx1[292].real, 0xFFF4,
sigCmpx1[292].imag, 0x0002,
sigCmpx1[293].real, 0xFFED,
sigCmpx1[293].imag, 0x0004,
sigCmpx1[294].real, 0xFFF3,
sigCmpx1[294].imag, 0x0003,
sigCmpx1[295].real, 0xFFED,
sigCmpx1[295].imag, 0x0005,
sigCmpx1[296].real, 0xFFF4,
sigCmpx1[296].imag, 0x0003,
sigCmpx1[297].real, 0xFFED,
sigCmpx1[297].imag, 0x0005,
sigCmpx1[298].real, 0xFFF3,
sigCmpx1[298].imag, 0x0003,
sigCmpx1[299].real, 0xFFED,
sigCmpx1[299].imag, 0x0005,
sigCmpx1[300].real, 0xFFF3,
sigCmpx1[300].imag, 0x0003,
sigCmpx1[301].real, 0xFFED,
sigCmpx1[301].imag, 0x0005,
sigCmpx1[302].real, 0xFFF3,
sigCmpx1[302].imag, 0x0003,
sigCmpx1[303].real, 0xFFED,
sigCmpx1[303].imag, 0x0006,
sigCmpx1[304].real, 0xFFF3,
sigCmpx1[304].imag, 0x0003,
sigCmpx1[305].real, 0xFFED,
sigCmpx1[305].imag, 0x0006,
sigCmpx1[306].real, 0xFFF3,
sigCmpx1[306].imag, 0x0004,
sigCmpx1[307].real, 0xFFED,
sigCmpx1[307].imag, 0x0006,
sigCmpx1[308].real, 0xFFF3,
sigCmpx1[308].imag, 0x0003,
sigCmpx1[309].real, 0xFFEE,
sigCmpx1[309].imag, 0x0007,
sigCmpx1[310].real, 0xFFF3,
sigCmpx1[310].imag, 0x0004,
sigCmpx1[311].real, 0xFFED,
sigCmpx1[311].imag, 0x0008,
sigCmpx1[312].real, 0xFFF3,
sigCmpx1[312].imag, 0x0004,
sigCmpx1[313].real, 0xFFED,
sigCmpx1[313].imag, 0x0007,
sigCmpx1[314].real, 0xFFF3,
sigCmpx1[314].imag, 0x0004,
sigCmpx1[315].real, 0xFFEE,
sigCmpx1[315].imag, 0x0008,
sigCmpx1[316].real, 0xFFF3,
sigCmpx1[316].imag, 0x0005,
sigCmpx1[317].real, 0xFFED,
sigCmpx1[317].imag, 0x0008,
sigCmpx1[318].real, 0xFFF3,
sigCmpx1[318].imag, 0x0004,
sigCmpx1[319].real, 0xFFEE,
sigCmpx1[319].imag, 0x0008,
sigCmpx1[320].real, 0xFFF3,
sigCmpx1[320].imag, 0x0004,
sigCmpx1[321].real, 0xFFEE,
sigCmpx1[321].imag, 0x0008,
sigCmpx1[322].real, 0xFFF3,
sigCmpx1[322].imag, 0x0005,
sigCmpx1[323].real, 0xFFED,
sigCmpx1[323].imag, 0x0009,
sigCmpx1[324].real, 0xFFF3,
sigCmpx1[324].imag, 0x0005,
sigCmpx1[325].real, 0xFFED,
sigCmpx1[325].imag, 0x0009,
sigCmpx1[326].real, 0xFFF3,
sigCmpx1[326].imag, 0x0005,
sigCmpx1[327].real, 0xFFEE,
sigCmpx1[327].imag, 0x0009,
sigCmpx1[328].real, 0xFFF3,
sigCmpx1[328].imag, 0x0005,
sigCmpx1[329].real, 0xFFEE,
sigCmpx1[329].imag, 0x000A,
sigCmpx1[330].real, 0xFFF2,
sigCmpx1[330].imag, 0x0005,
sigCmpx1[331].real, 0xFFEE,
sigCmpx1[331].imag, 0x0009,
sigCmpx1[332].real, 0xFFF3,
sigCmpx1[332].imag, 0x0005,
sigCmpx1[333].real, 0xFFED,
sigCmpx1[333].imag, 0x000A,
sigCmpx1[334].real, 0xFFF3,
sigCmpx1[334].imag, 0x0006,
sigCmpx1[335].real, 0xFFEE,
sigCmpx1[335].imag, 0x000A,
sigCmpx1[336].real, 0xFFF2,
sigCmpx1[336].imag, 0x0005,
sigCmpx1[337].real, 0xFFEE,
sigCmpx1[337].imag, 0x000B,
sigCmpx1[338].real, 0xFFF3,
sigCmpx1[338].imag, 0x0005,
sigCmpx1[339].real, 0xFFEE,
sigCmpx1[339].imag, 0x000B,
sigCmpx1[340].real, 0xFFF3,
sigCmpx1[340].imag, 0x0006,
sigCmpx1[341].real, 0xFFEE,
sigCmpx1[341].imag, 0x000C,
sigCmpx1[342].real, 0xFFF3,
sigCmpx1[342].imag, 0x0006,
sigCmpx1[343].real, 0xFFED,
sigCmpx1[343].imag, 0x000C,
sigCmpx1[344].real, 0xFFF2,
sigCmpx1[344].imag, 0x0006,
sigCmpx1[345].real, 0xFFED,
sigCmpx1[345].imag, 0x000D,
sigCmpx1[346].real, 0xFFF3,
sigCmpx1[346].imag, 0x0006,
sigCmpx1[347].real, 0xFFEE,
sigCmpx1[347].imag, 0x000D,
sigCmpx1[348].real, 0xFFF2,
sigCmpx1[348].imag, 0x0006,
sigCmpx1[349].real, 0xFFEE,
sigCmpx1[349].imag, 0x000D,
sigCmpx1[350].real, 0xFFF2,
sigCmpx1[350].imag, 0x0007,
sigCmpx1[351].real, 0xFFEE,
sigCmpx1[351].imag, 0x000D,
sigCmpx1[352].real, 0xFFF2,
sigCmpx1[352].imag, 0x0007,
sigCmpx1[353].real, 0xFFEE,
sigCmpx1[353].imag, 0x000E,
sigCmpx1[354].real, 0xFFF2,
sigCmpx1[354].imag, 0x0007,
sigCmpx1[355].real, 0xFFEE,
sigCmpx1[355].imag, 0x000F,
sigCmpx1[356].real, 0xFFF2,
sigCmpx1[356].imag, 0x0007,
sigCmpx1[357].real, 0xFFEE,
sigCmpx1[357].imag, 0x000F,
sigCmpx1[358].real, 0xFFF2,
sigCmpx1[358].imag, 0x0007,
sigCmpx1[359].real, 0xFFEE,
sigCmpx1[359].imag, 0x000F,
sigCmpx1[360].real, 0xFFF2,
sigCmpx1[360].imag, 0x0007,
sigCmpx1[361].real, 0xFFEE,
sigCmpx1[361].imag, 0x000F,
sigCmpx1[362].real, 0xFFF2,
sigCmpx1[362].imag, 0x0008,
sigCmpx1[363].real, 0xFFEF,
sigCmpx1[363].imag, 0x0010,
sigCmpx1[364].real, 0xFFF2,
sigCmpx1[364].imag, 0x0008,
sigCmpx1[365].real, 0xFFEE,
sigCmpx1[365].imag, 0x0011,
sigCmpx1[366].real, 0xFFF1,
sigCmpx1[366].imag, 0x0008,
sigCmpx1[367].real, 0xFFEE,
sigCmpx1[367].imag, 0x0011,
sigCmpx1[368].real, 0xFFF1,
sigCmpx1[368].imag, 0x0009,
sigCmpx1[369].real, 0xFFEF,
sigCmpx1[369].imag, 0x0011,
sigCmpx1[370].real, 0xFFF2,
sigCmpx1[370].imag, 0x0009,
sigCmpx1[371].real, 0xFFEF,
sigCmpx1[371].imag, 0x0011,
sigCmpx1[372].real, 0xFFF1,
sigCmpx1[372].imag, 0x0009,
sigCmpx1[373].real, 0xFFEF,
sigCmpx1[373].imag, 0x0012,
sigCmpx1[374].real, 0xFFF1,
sigCmpx1[374].imag, 0x000A,
sigCmpx1[375].real, 0xFFEF,
sigCmpx1[375].imag, 0x0013,
sigCmpx1[376].real, 0xFFF1,
sigCmpx1[376].imag, 0x000A,
sigCmpx1[377].real, 0xFFEF,
sigCmpx1[377].imag, 0x0013,
sigCmpx1[378].real, 0xFFF1,
sigCmpx1[378].imag, 0x000A,
sigCmpx1[379].real, 0xFFEF,
sigCmpx1[379].imag, 0x0014,
sigCmpx1[380].real, 0xFFF1,
sigCmpx1[380].imag, 0x000A,
sigCmpx1[381].real, 0xFFEF,
sigCmpx1[381].imag, 0x0014,
sigCmpx1[382].real, 0xFFF1,
sigCmpx1[382].imag, 0x000B,
sigCmpx1[383].real, 0xFFEF,
sigCmpx1[383].imag, 0x0015,
sigCmpx1[384].real, 0xFFF1,
sigCmpx1[384].imag, 0x000B,
sigCmpx1[385].real, 0xFFEF,
sigCmpx1[385].imag, 0x0015,
sigCmpx1[386].real, 0xFFF1,
sigCmpx1[386].imag, 0x000B,
sigCmpx1[387].real, 0xFFEF,
sigCmpx1[387].imag, 0x0015,
sigCmpx1[388].real, 0xFFF0,
sigCmpx1[388].imag, 0x000B,
sigCmpx1[389].real, 0xFFEF,
sigCmpx1[389].imag, 0x0016,
sigCmpx1[390].real, 0xFFF1,
sigCmpx1[390].imag, 0x000B,
sigCmpx1[391].real, 0xFFEF,
sigCmpx1[391].imag, 0x0017,
sigCmpx1[392].real, 0xFFF1,
sigCmpx1[392].imag, 0x000C,
sigCmpx1[393].real, 0xFFEF,
sigCmpx1[393].imag, 0x0017,
sigCmpx1[394].real, 0xFFF0,
sigCmpx1[394].imag, 0x000C,
sigCmpx1[395].real, 0xFFEF,
sigCmpx1[395].imag, 0x0018,
sigCmpx1[396].real, 0xFFEF,
sigCmpx1[396].imag, 0x000C,
sigCmpx1[397].real, 0xFFF0,
sigCmpx1[397].imag, 0x0019,
sigCmpx1[398].real, 0xFFF0,
sigCmpx1[398].imag, 0x000D,
sigCmpx1[399].real, 0xFFEF,
sigCmpx1[399].imag, 0x0019,
sigCmpx1[400].real, 0xFFF0,
sigCmpx1[400].imag, 0x000D,
sigCmpx1[401].real, 0xFFF0,
sigCmpx1[401].imag, 0x001A,
sigCmpx1[402].real, 0xFFF0,
sigCmpx1[402].imag, 0x000D,
sigCmpx1[403].real, 0xFFF0,
sigCmpx1[403].imag, 0x001A,
sigCmpx1[404].real, 0xFFF0,
sigCmpx1[404].imag, 0x000E,
sigCmpx1[405].real, 0xFFF0,
sigCmpx1[405].imag, 0x001C,
sigCmpx1[406].real, 0xFFEF,
sigCmpx1[406].imag, 0x000E,
sigCmpx1[407].real, 0xFFF0,
sigCmpx1[407].imag, 0x001C,
sigCmpx1[408].real, 0xFFEF,
sigCmpx1[408].imag, 0x000F,
sigCmpx1[409].real, 0xFFF0,
sigCmpx1[409].imag, 0x001D,
sigCmpx1[410].real, 0xFFEE,
sigCmpx1[410].imag, 0x000F,
sigCmpx1[411].real, 0xFFF0,
sigCmpx1[411].imag, 0x001E,
sigCmpx1[412].real, 0xFFEE,
sigCmpx1[412].imag, 0x000F,
sigCmpx1[413].real, 0xFFF0,
sigCmpx1[413].imag, 0x001F,
sigCmpx1[414].real, 0xFFEE,
sigCmpx1[414].imag, 0x0010,
sigCmpx1[415].real, 0xFFF1,
sigCmpx1[415].imag, 0x001F,
sigCmpx1[416].real, 0xFFEE,
sigCmpx1[416].imag, 0x0010,
sigCmpx1[417].real, 0xFFF1,
sigCmpx1[417].imag, 0x0020,
sigCmpx1[418].real, 0xFFED,
sigCmpx1[418].imag, 0x0011,
sigCmpx1[419].real, 0xFFF1,
sigCmpx1[419].imag, 0x0022,
sigCmpx1[420].real, 0xFFED,
sigCmpx1[420].imag, 0x0011,
sigCmpx1[421].real, 0xFFF1,
sigCmpx1[421].imag, 0x0022,
sigCmpx1[422].real, 0xFFED,
sigCmpx1[422].imag, 0x0012,
sigCmpx1[423].real, 0xFFF2,
sigCmpx1[423].imag, 0x0024,
sigCmpx1[424].real, 0xFFED,
sigCmpx1[424].imag, 0x0012,
sigCmpx1[425].real, 0xFFF2,
sigCmpx1[425].imag, 0x0025,
sigCmpx1[426].real, 0xFFEC,
sigCmpx1[426].imag, 0x0013,
sigCmpx1[427].real, 0xFFF2,
sigCmpx1[427].imag, 0x0025,
sigCmpx1[428].real, 0xFFEB,
sigCmpx1[428].imag, 0x0014,
sigCmpx1[429].real, 0xFFF3,
sigCmpx1[429].imag, 0x0027,
sigCmpx1[430].real, 0xFFEB,
sigCmpx1[430].imag, 0x0014,
sigCmpx1[431].real, 0xFFF3,
sigCmpx1[431].imag, 0x0028,
sigCmpx1[432].real, 0xFFEB,
sigCmpx1[432].imag, 0x0015,
sigCmpx1[433].real, 0xFFF3,
sigCmpx1[433].imag, 0x002A,
sigCmpx1[434].real, 0xFFEA,
sigCmpx1[434].imag, 0x0015,
sigCmpx1[435].real, 0xFFF3,
sigCmpx1[435].imag, 0x002B,
sigCmpx1[436].real, 0xFFE9,
sigCmpx1[436].imag, 0x0016,
sigCmpx1[437].real, 0xFFF4,
sigCmpx1[437].imag, 0x002C,
sigCmpx1[438].real, 0xFFE8,
sigCmpx1[438].imag, 0x0017,
sigCmpx1[439].real, 0xFFF4,
sigCmpx1[439].imag, 0x002E,
sigCmpx1[440].real, 0xFFE8,
sigCmpx1[440].imag, 0x0018,
sigCmpx1[441].real, 0xFFF4,
sigCmpx1[441].imag, 0x0030,
sigCmpx1[442].real, 0xFFE7,
sigCmpx1[442].imag, 0x0019,
sigCmpx1[443].real, 0xFFF5,
sigCmpx1[443].imag, 0x0031,
sigCmpx1[444].real, 0xFFE5,
sigCmpx1[444].imag, 0x001A,
sigCmpx1[445].real, 0xFFF6,
sigCmpx1[445].imag, 0x0034,
sigCmpx1[446].real, 0xFFE5,
sigCmpx1[446].imag, 0x001B,
sigCmpx1[447].real, 0xFFF6,
sigCmpx1[447].imag, 0x0036,
sigCmpx1[448].real, 0xFFE3,
sigCmpx1[448].imag, 0x001C,
sigCmpx1[449].real, 0xFFF7,
sigCmpx1[449].imag, 0x0038,
sigCmpx1[450].real, 0xFFE3,
sigCmpx1[450].imag, 0x001D,
sigCmpx1[451].real, 0xFFF8,
sigCmpx1[451].imag, 0x003B,
sigCmpx1[452].real, 0xFFE1,
sigCmpx1[452].imag, 0x001F,
sigCmpx1[453].real, 0xFFF9,
sigCmpx1[453].imag, 0x003E,
sigCmpx1[454].real, 0xFFDF,
sigCmpx1[454].imag, 0x0020,
sigCmpx1[455].real, 0xFFF9,
sigCmpx1[455].imag, 0x0040,
sigCmpx1[456].real, 0xFFDD,
sigCmpx1[456].imag, 0x0022,
sigCmpx1[457].real, 0xFFFB,
sigCmpx1[457].imag, 0x0043,
sigCmpx1[458].real, 0xFFDB,
sigCmpx1[458].imag, 0x0023,
sigCmpx1[459].real, 0xFFFC,
sigCmpx1[459].imag, 0x0047,
sigCmpx1[460].real, 0xFFD9,
sigCmpx1[460].imag, 0x0026,
sigCmpx1[461].real, 0xFFFE,
sigCmpx1[461].imag, 0x004B,
sigCmpx1[462].real, 0xFFD6,
sigCmpx1[462].imag, 0x0028,
sigCmpx1[463].real, 0xFFFF,
sigCmpx1[463].imag, 0x0050,
sigCmpx1[464].real, 0xFFD3,
sigCmpx1[464].imag, 0x002A,
sigCmpx1[465].real, 0x0001,
sigCmpx1[465].imag, 0x0055,
sigCmpx1[466].real, 0xFFCF,
sigCmpx1[466].imag, 0x002D,
sigCmpx1[467].real, 0x0003,
sigCmpx1[467].imag, 0x005B,
sigCmpx1[468].real, 0xFFCB,
sigCmpx1[468].imag, 0x0031,
sigCmpx1[469].real, 0x0007,
sigCmpx1[469].imag, 0x0062,
sigCmpx1[470].real, 0xFFC5,
sigCmpx1[470].imag, 0x0035,
sigCmpx1[471].real, 0x000A,
sigCmpx1[471].imag, 0x006A,
sigCmpx1[472].real, 0xFFBF,
sigCmpx1[472].imag, 0x0039,
sigCmpx1[473].real, 0x000E,
sigCmpx1[473].imag, 0x0074,
sigCmpx1[474].real, 0xFFB6,
sigCmpx1[474].imag, 0x003F,
sigCmpx1[475].real, 0x0013,
sigCmpx1[475].imag, 0x0080,
sigCmpx1[476].real, 0xFFAC,
sigCmpx1[476].imag, 0x0046,
sigCmpx1[477].real, 0x001B,
sigCmpx1[477].imag, 0x008F,
sigCmpx1[478].real, 0xFF9E,
sigCmpx1[478].imag, 0x004E,
sigCmpx1[479].real, 0x0024,
sigCmpx1[479].imag, 0x00A3,
sigCmpx1[480].real, 0xFF8B,
sigCmpx1[480].imag, 0x005A,
sigCmpx1[481].real, 0x0031,
sigCmpx1[481].imag, 0x00BD,
sigCmpx1[482].real, 0xFF70,
sigCmpx1[482].imag, 0x006A,
sigCmpx1[483].real, 0x0045,
sigCmpx1[483].imag, 0x00E3,
sigCmpx1[484].real, 0xFF45,
sigCmpx1[484].imag, 0x0083,
sigCmpx1[485].real, 0x0065,
sigCmpx1[485].imag, 0x0121,
sigCmpx1[486].real, 0xFEFB,
sigCmpx1[486].imag, 0x00AE,
sigCmpx1[487].real, 0x00A2,
sigCmpx1[487].imag, 0x0194,
sigCmpx1[488].real, 0xFE5C,
sigCmpx1[488].imag, 0x0107,
sigCmpx1[489].real, 0x0142,
sigCmpx1[489].imag, 0x02BA,
sigCmpx1[490].real, 0xFC15,
sigCmpx1[490].imag, 0x0249,
sigCmpx1[491].real, 0x06B6,
sigCmpx1[491].imag, 0x0CAA,
sigCmpx1[492].real, 0x0CD5,
sigCmpx1[492].imag, 0xF916,
sigCmpx1[493].real, 0xFD6B,
sigCmpx1[493].imag, 0xFBC4,
sigCmpx1[494].real, 0x0294,
sigCmpx1[494].imag, 0xFEBC,
sigCmpx1[495].real, 0xFECD,
sigCmpx1[495].imag, 0xFE4E,
sigCmpx1[496].real, 0x017C,
sigCmpx1[496].imag, 0xFF58,
sigCmpx1[497].real, 0xFF2C,
sigCmpx1[497].imag, 0xFEFF,
sigCmpx1[498].real, 0x0113,
sigCmpx1[498].imag, 0xFF94,
sigCmpx1[499].real, 0xFF57,
sigCmpx1[499].imag, 0xFF53,
sigCmpx1[500].real, 0x00DD,
sigCmpx1[500].imag, 0xFFB6,
sigCmpx1[501].real, 0xFF6F,
sigCmpx1[501].imag, 0xFF85,
sigCmpx1[502].real, 0x00BD,
sigCmpx1[502].imag, 0xFFCB,
sigCmpx1[503].real, 0xFF7E,
sigCmpx1[503].imag, 0xFFA7,
sigCmpx1[504].real, 0x00A9,
sigCmpx1[504].imag, 0xFFDA,
sigCmpx1[505].real, 0xFF87,
sigCmpx1[505].imag, 0xFFC1,
sigCmpx1[506].real, 0x009C,
sigCmpx1[506].imag, 0xFFE5,
sigCmpx1[507].real, 0xFF8D,
sigCmpx1[507].imag, 0xFFD6,
sigCmpx1[508].real, 0x0093,
sigCmpx1[508].imag, 0xFFEF,
sigCmpx1[509].real, 0xFF91,
sigCmpx1[509].imag, 0xFFE8,
sigCmpx1[510].real, 0x008F,
sigCmpx1[510].imag, 0xFFF8,
sigCmpx1[511].real, 0xFF93,
sigCmpx1[511].imag, 0xFFF8,
